year,elite_cutoff
1,26.24147375972328
2,25.961136677140363
3,25.87687649014679
4,26.729422550615652
5,26.36886863442805
6,26.026446335595868
7,28.30244163370547
8,28.704536123552586
9,30.917511745912424
10,31.34035188365378
