playerID,tmID,ppg,apg,rpg,efficiency,win_pct,playoff_wins,fmvp_proba,fmvp_rank,won_wnba_finals_most_valuable_player
smithka01w,DET,14.705882352941176,4.029411764705882,2.764705882352941,20.176470588235293,0.6470588235294118,7.0,0.486713279305048,1.0,1
nolande01w,DET,15.823529411764708,4.411764705882353,3.911764705882353,23.529411764705884,0.6470588235294118,7.0,0.13272858324471226,2.0,0
fordch01w,DET,10.125,0.9166666666666666,8.666666666666666,20.125,0.6470588235294118,7.0,0.09487912087912088,3.0,0
pierspl01w,DET,11.857142857142858,2.25,4.857142857142857,19.321428571428573,0.6470588235294118,7.0,0.07977011494252872,4.0,0
braxtka01w,DET,8.93939393939394,0.8181818181818182,5.090909090909091,14.363636363636363,0.6470588235294118,7.0,0.0033333333333333335,5.0,0
hornbal01w,DET,5.411764705882353,2.088235294117647,4.0588235294117645,12.735294117647058,0.6470588235294118,7.0,0.0,6.0,0
